"","01T6","02T6","06T6","08T6","15T6","16T6","21T6","25T6","28T6","29T6","35T6","43T6","48T6","51T6","55T6","59T6","60T6","61T6","63T6","67T6","75T6","76T6"
"dbB|NP_001003900.1",20.295173473376,18.3605638427627,18.6273049004217,19.0046754591985,18.5125405004006,20.113925244587,21.1384935192575,15.4100515774255,21.0585166622411,16.0317937019674,19.961342566019,18.0995166062688,18.2136334945647,16.6803675521549,20.5915937562613,20.3224128293193,21.7101241130056,17.1873715363392,20.726565093863,16.8829915204591,16.2933146091623,19.5126090345465
"dbB|NP_001004024.1",16.4188934574784,17.0593680273185,15.463796442247,16.4201383924782,17.3478454860739,16.4985216711847,15.3828375781537,15.8629968221074,13.3676067619083,16.0939232857887,15.7977266169929,15.1972872871499,15.725149740227,13.7897114991255,15.5185891224497,15.5255118446326,14.8828974766009,16.4214639586658,14.9823882733874,16.6543465091626,16.3864491639359,15.6097723576459
"dbB|NP_001008663.1",19.5348333628121,18.1102117891427,17.9901371989291,18.7704323661002,19.4102677247247,18.1917897861151,14.6318472770785,18.6041217472224,16.368406969521,18.3073518706035,17.4776558758792,15.752209984628,17.3197619821264,17.709179766198,18.2306197636408,18.4840326370138,14.5298763281289,18.4966115969579,17.6011568064502,17.3577346093745,18.8265463439166,18.2518049855073
"dbB|NP_001010991.1",16.7410071799287,17.3207072174503,15.7860951161049,14.35982304281,17.6120251078752,16.2145280452319,16.983586851682,17.5568889415439,16.3990703186721,16.1887956300752,16.7693500858282,16.2129330560594,15.668436206039,16.2819897461676,16.6414287441175,17.025580525465,16.5571074143753,16.3413968624388,14.9748942138991,15.7150229351629,16.4895987918358,13.6918623394221
"dbB|NP_001012287.1",15.052417234208,16.1663253112858,14.9272811382319,14.5078014778424,15.7996676762422,14.9943061613785,15.3022829443088,16.1575240022144,15.6424645338449,15.4574530786936,16.5881721877536,15.1446691385047,14.8882232176571,15.2301727862388,13.8533641873907,16.0203456398967,15.3987087517987,15.5184840735088,16.6706134528001,14.787307274733,16.4255295302968,14.8248583418567
"dbB|NP_001012688.1",15.4762989111271,16.2700264031032,15.8769474815574,15.7507718676145,16.2635060994766,15.5579107076721,14.9590766077814,14.6649876870496,14.9281821111262,15.5272334478846,16.3492527381003,15.0845112637034,15.4364682202501,15.6656712552619,14.182641261378,16.2517725388267,14.9336139298199,16.1128303067084,15.9427989831868,15.2859717352987,15.1699251239606,15.4024442128682
"dbB|NP_001012700.1",14.3603369863717,15.38923861719,15.0136579777163,14.5627053205263,14.5733628366526,14.3755986680028,14.7848266418868,14.7772642280225,14.551376284414,14.561269761456,14.5494777188834,14.7442342000999,14.9463576922826,14.5737615621124,14.7626473697134,14.914155055658,14.7088187232888,15.1868809374222,14.4777124555953,14.7742343012786,14.360978956212,14.4353853037814
"dbB|NP_001013607.1",14.9168486240866,15.6603324366188,15.5785153418254,15.8672326350344,15.5037647387085,15.0115277961846,14.6865274797527,15.6629562098553,14.7470703427973,15.8425938801197,15.7479054962182,14.8762340631913,15.7848607912021,15.2938542120628,15.5416969014178,15.521906679248,14.7810891492162,14.9506190851406,15.8793950770711,15.684715238067,15.8049037324144,15.3480077507216
"dbB|NP_001014411.1",12.6844850364809,12.5963230328208,12.7417824194289,13.3939768142881,12.6052374979199,13.6790167057925,14.9898460354861,13.7064023930467,14.943798016952,13.6615951064914,13.2603086975152,14.845011301303,13.4175420684367,13.6461729339275,13.8038287035262,13.0231084914591,14.7727922349332,13.0988154349232,13.7461943045597,12.8574598119932,12.7438315424704,13.6008637307187
"dbB|NP_001014413.1",14.8445596707513,14.6664483612466,14.6945203098275,15.0194495819878,15.5944845176365,14.8720318980839,14.9421655952255,14.5509227904108,15.3015300657896,13.9414021561036,14.8924214382007,14.7987808566109,14.6354264203805,14.6427241230166,14.6060085624353,14.8999421612243,14.8366401086514,14.8634568590485,14.6957318269026,14.3045652058576,14.3944329299982,13.7871143794132
"dbB|NP_001014894.1",15.4603132082639,14.4531424223904,14.5353696166413,14.9600211885213,15.5079166598278,15.3783257030395,15.0727933387283,14.3792767599786,14.5258995050661,14.6755686939264,14.8480228489376,15.2177755610661,14.446444659025,15.2776230515319,14.6625199340696,14.657355815768,15.1688816221988,15.6183396513814,14.7228515408828,14.5910314667541,14.6938905328196,15.2132572054899
"dbB|NP_001014928.1",14.7434909159805,15.7256696916785,15.0213905818392,15.0503312185215,14.3622303252375,14.7161876937677,14.9344094764935,14.6567782109972,15.7369060502567,15.5212745423465,15.0026462537099,15.358156266211,15.6089399262713,14.7899481940681,14.7711713427018,14.9789873483005,15.8649532263181,14.7206654288868,15.2651805234084,15.712148878881,15.404837724671,15.011706432502
"dbB|NP_001015512.1",17.4212034827893,15.5300996341936,18.0151339617717,18.0550470691368,16.2502725716943,17.3204284671865,17.0110313022254,18.5263541082673,17.014608027778,18.1314244728169,18.2133442608008,16.8372369243669,17.8024313609859,18.067574548549,17.6456295226462,18.692046194757,17.2766187877909,17.4704230608142,18.1955452006574,17.602982615565,18.102480383657,18.2387240083512
"dbB|NP_001015531.1",15.6225169724406,16.0158989883895,15.7457144202194,15.8528830285952,17.1753284640588,15.6224873206278,15.0557215457741,16.3884158796756,15.0567580467754,16.6057340492744,16.4919117437811,15.1751734540118,15.3035506194058,15.6972593753507,15.612451860467,15.6144187497858,15.0967790919401,15.2750269552379,16.1076615741964,15.2084258685329,15.6776931979508,12.8188881934628
"dbB|NP_001015561.1",14.9560091726296,15.1306968982938,15.200159239975,15.2596926695501,14.7510163421109,14.9739386684747,15.1584789038034,15.2562209150181,15.2856378646541,15.1020856515118,15.703088225522,15.0219050622998,15.0289743026834,14.8221004472309,15.0816128756402,14.7401015857727,15.1628798447071,14.9810786269149,14.7211156983213,15.1436536368946,15.3059218166668,15.0870562196558
"dbB|NP_001015571.1",17.6113220511447,17.55163225925,17.0774773866006,16.7478712522797,18.4900698256012,16.8692081177113,16.6313291312836,17.341970349469,17.6404512891359,17.570037597785,17.6326578065408,16.9872195804912,16.3807626440295,16.2797909869514,17.6382881698338,17.977242606565,17.2068973290624,16.7077845405429,17.4617629133062,16.7697952637043,17.0487831748985,16.0479575564132
"dbB|NP_001015613.1",14.5542583206746,14.8151596901665,14.8041282295344,14.5513776488303,14.4683020274037,14.6045163342979,14.8611961136351,14.6516121148838,14.9280103024854,14.838467561751,14.7869102344456,14.8590160393549,14.6300669443637,14.7163475440393,14.6916749903658,14.7677495572498,14.8821546330685,14.7386877636807,14.9734950611955,14.2404319099667,14.4270512104843,14.4896287050912
"dbB|NP_001019711.1",15.0271222031537,15.0169551306129,14.9372440746324,15.293489761111,14.458209011624,14.9168070498697,15.0699013873158,14.9942195085659,15.2869882678808,15.06408202724,15.1507332040346,15.0803841175517,14.9288872291063,14.9657687621403,15.0308119013351,14.8757822490361,15.3614765710614,14.7974612889002,15.1651172686135,14.9412680750734,15.0816469512745,14.9793977320398
"dbB|NP_001019739.1",15.1537664112328,15.9813266211398,15.5698044666849,15.5084343245101,17.1030147048854,15.3866645044364,14.7363739013421,16.2701004379327,14.6754480051132,16.4359879722408,16.2554456112686,14.7754876273862,15.4801080038794,15.5770425039928,16.3643726969715,16.1642741626689,14.5439194262852,16.2105822337988,16.1076540574658,15.422601782763,15.6562777265837,15.3387361565457
"dbB|NP_001020488.1",14.5054390897865,14.4940105520183,14.8067866556821,14.5752556255524,14.1930271846677,14.85281605373,15.7822733239464,14.4887189044957,15.9640026602359,14.2742056408787,14.4995972835742,15.0849059277437,15.3057916237293,14.160206820616,14.420208156069,14.4887644202129,15.8042833930102,14.3554529374056,13.822781394536,14.7091421168206,14.5395615621295,14.5379956858039
"dbB|NP_001020740.1",15.4564558095033,16.2114848978906,14.4541017579158,16.8241834542634,17.0637484819442,15.423561929007,15.2425125915974,16.8898964669023,15.3921783007072,15.972083587559,16.5725519162399,15.3587494138863,15.8280383400858,14.7788141602542,15.5552270852875,16.5313302545216,15.4639352918493,15.4111438913743,14.4735133774601,15.6245523564471,15.5560377608708,15.6308501375691
"dbB|NP_001026926.1",14.3645110903165,14.1728351001282,15.4610077280893,15.4500504549101,16.7674221151895,13.5111621625442,14.7164918044007,14.1868818383787,14.5175257471386,16.152275686482,14.0023488081466,14.7168861791624,14.9365984083986,15.3134119634049,15.5958272237829,15.9526230473122,14.6652445290766,16.4276283771426,15.5490902572224,14.9812315914353,15.3073206931095,15.0606472690266
"dbB|NP_001028790.1",16.5134837159386,18.0630898820035,17.0269215159064,19.0232136129006,17.8113188189279,15.2583233414914,17.7479171649424,18.2044660517514,18.5997187791717,19.493202316072,17.8107714944217,18.1129231050178,16.6659092676942,18.3331028111756,18.1716343471223,18.9641870107213,19.225500394955,16.9619322545078,18.9315817189162,19.1867838532223,18.6347599875781,16.4676232172593
"dbB|NP_001029210.1",14.99803981704,17.1495400858684,15.8782801459247,15.4219665117826,16.6269728338796,15.2877940537662,14.7780378645761,15.6482449477424,14.6506535759047,15.6898253907357,15.6469473782471,14.9618191373705,15.1655303500876,15.172729331882,15.7875337212209,16.1670057568855,14.5625866728673,16.1599539244856,15.6389449882463,15.2265513009333,15.1936448903335,14.9849997629504
"dbB|NP_001029216.1",14.3439915034771,16.1346311307226,15.5050787090942,16.0117233300785,17.4955153174139,14.6634075104185,15.2728423304117,15.617785533283,15.4821614600422,15.5500080414493,16.1564115585693,14.7904583664142,15.7271628742815,15.3925539433781,16.2132301718208,16.9271458118386,16.6362466661193,15.5650592579768,16.4915955306477,15.8829288768529,15.6092629728388,14.8063330214852
"dbB|NP_001029219.1",14.2945527069781,14.5715999789809,14.1595829362067,14.6924153792269,14.4335150048037,14.8948029101287,15.1585885683063,14.270360841257,16.4111999631357,14.4112295247991,14.2460687829556,15.8161159388872,14.4407524943798,14.8699449120018,14.1132895201267,14.0386242410544,16.2896736573242,14.7886468085734,14.6294276689943,14.7399474687492,14.5856701029163,14.9119591545869
"dbB|NP_001029376.1",15.3851749480573,15.3476788481194,15.6373679920101,15.0663755029754,17.049809903941,13.7623062636971,15.243980324629,15.2945898367135,15.2051951112401,16.0277735237394,16.6990096481953,15.3836517555868,15.6534547829972,14.2904320508676,16.5795879875516,16.8598270876939,16.0848332323986,16.2874779797691,16.4888601297489,15.9449490389494,13.7483070058319,14.9088997441206
"dbB|NP_001029466.1",15.4651730850906,15.7922321250788,16.2022145816149,16.1564612121737,15.7748630177305,15.5547297528614,14.6440568373272,16.0681095566914,14.7061694739465,16.255414813454,16.0827958958587,14.7415887968697,15.6112653075877,15.9576708246443,16.31154027248,16.2878893912138,14.5540544764128,16.2350734341147,16.2588858403194,15.8101509374682,15.8976269001421,15.6222037302916
"dbB|NP_001029539.1",15.8875634009431,19.3541335450224,17.9972644834804,18.5685774614973,19.5435603437606,17.0078227650968,15.7353131389847,19.6656031298165,16.3013413167543,17.9313827939693,19.2078789539343,14.8477375508728,18.5866642209956,17.3488397701466,17.8368331350095,18.9470308966917,15.7262149561753,17.9256410358695,18.3354044798015,17.8057036878803,19.0539106138466,17.435875528145
"dbB|NP_001029606.1",15.7117486505111,16.4169922396187,15.4351187816292,16.5525521640002,17.0831921246366,15.7198840685138,14.890501134254,16.4915665493405,15.0560713777518,16.9568524182895,16.6689074620982,15.0681949752709,15.8860586894664,15.877760210145,16.9073473947774,16.7656328620345,14.9088269445998,15.5218631784024,16.0089776787474,15.2534604018806,15.3788610735274,15.2673039656115
"dbB|NP_001029784.1",14.6981778281445,14.7217104068404,14.6969404629356,14.6977316903016,14.3238871564859,14.5657867906497,14.6362265420736,14.393131099332,14.7489173860017,14.7350462340153,14.8881820361711,14.8556519292331,14.607551433843,14.5378610005093,14.7469430222583,14.8437179351808,14.7061800317954,14.1329384100144,14.2613405858167,14.6476803022042,14.3879676177449,14.0046679654397
"dbB|NP_001029801.1",13.8126518040649,15.3521454610545,15.227609749062,14.4976763351762,14.7416051875598,14.3988408488461,14.5330347631789,14.6357931128762,14.4684421947321,14.5185886657631,14.1241739059409,14.7296520178183,14.9259885470609,14.4117938969337,14.4584425868284,15.5876902511739,14.4360242334759,13.8076325547787,14.674888168479,14.9421522051093,14.5741489844712,14.4133150727377
"dbB|NP_001029888.1",14.3394683084048,14.421485983578,14.5670721297617,14.5309695344223,14.5697462717136,14.2212881435826,14.5765703838727,13.4143107497872,14.618716958442,13.852144290763,14.649120204562,14.9454922433668,14.4866202589657,14.3710855347696,14.5990343617126,14.8620437490635,14.6252356562964,14.1060698723718,14.2517711142672,14.4521799823701,14.0879863642624,14.1771189458579
"dbB|NP_001029915.1",16.0597206041818,14.4379322662859,14.528731941503,14.7311747304023,16.2344888977249,15.8475852625148,15.3866315062778,14.3521002683696,15.3669650383625,14.5647794090482,14.6047193674946,15.5047853849227,14.5083313078078,15.5826600991405,14.5956315772994,14.3855548235074,14.2873068517757,15.2433869379954,14.6038916564171,14.5934854953575,14.7757498638116,15.6697173277634
"dbB|NP_001029955.1",14.5897816338109,15.0391556062866,14.9112348576385,14.7017434315332,14.7284781921444,14.6148170465692,15.2031859696358,15.5922096658428,15.3062472680948,15.1493649474116,14.9588344112473,14.9309223770627,14.8204716223868,14.6176932087512,14.7733864008097,14.7147434420588,15.0919067330339,14.5706767648044,13.8393684755845,14.5368014396576,14.4872599353,14.5105012063635
"dbB|NP_001030186.1",13.9473662252137,13.9716719989388,14.0355682412431,13.8420789742121,15.8852214965906,13.7643338999118,14.825327164324,13.9805816798012,14.514424033754,13.8407908641053,13.6877835239987,15.0337168490107,14.1648316832045,13.91201229936,13.9739267146175,13.9564733848952,14.5772103043678,15.5129084995375,13.8107816955932,14.0033180964281,13.7516996211005,13.7854899951778
"dbB|NP_001030218.1",15.6398381610449,14.1380750342092,14.3887800428185,14.7378677309631,15.9863309245242,15.7286760109563,16.0227196233983,14.3161463425643,14.8816611176908,14.4423117749125,14.561892165728,15.5449537447859,14.3839265433999,15.501794373188,14.5501485873798,14.251917828793,15.2181380193749,15.1143395424107,14.6507206367513,14.5104562968425,14.4123628586949,15.3811153241536
"dbB|NP_001030253.1",15.5396435260471,14.2098983007155,14.4284450797713,14.6736067839952,15.8254367821447,15.7025063564629,16.0432827253923,14.339637241682,15.2232095680376,14.5886276786908,14.5986968047703,16.1704927509819,14.3465795322734,15.3728508222325,14.5284588313386,14.2224803580635,15.0348606942945,14.5276382845241,14.5811192783248,14.5560514577567,14.6345896293607,15.6009956255355
"dbB|NP_001030383.1",15.0205376929636,14.8576236218444,14.7504902821215,15.1317004966542,14.1806837033785,14.668735822033,14.7820972869746,14.8773862636645,14.8997853373238,14.7298670702492,15.2776357179615,14.9292598400191,14.7739868258687,14.7891792780886,14.7733997004075,14.7002024323439,14.8489461824248,14.6395973617402,14.8113154303567,14.872858777155,14.9580443861844,14.810931769159
"dbB|NP_001030514.1",14.542262360889,13.9590479741325,14.4403426800402,14.517155943893,15.2101604676536,14.2716681125639,14.7009200430115,14.2586193204366,14.5154702762105,13.9758767797113,14.5958584359198,14.9249427032738,14.3039999209183,14.0922306656561,14.5643725769645,14.5923250910772,14.4235327025054,13.9209877781771,14.2893966018652,13.445451810958,14.30121030344,14.1424532551042
"dbB|NP_001032546.1",16.149150466835,18.5175202438109,17.1991702241872,16.919618686075,17.6141094081019,17.1600140613444,17.0110143896504,16.3531809210349,17.7498467893377,17.6344326151682,17.4535206038508,15.7977532807209,16.3024117280113,16.7962602118167,17.1851785408337,16.6212844699793,17.4079678477384,15.8152798816007,17.6043841950932,17.4288683242742,17.417949247243,17.2256110582843
"dbB|NP_001033252.1",16.2397252663942,17.3002036787751,17.1579414385035,17.0607233651207,15.6426131172021,15.7204218779422,16.6042287277404,16.2666169419026,15.7014060236928,16.3002413663487,16.5354116548149,15.0335035042249,17.0704040184938,16.089545764471,16.6789989079332,16.500380655625,15.6384818606239,15.9818949084975,16.3775452604283,14.1109563265582,16.6116902433297,16.1012646258968
"dbB|NP_001033286.1",13.1109714731147,11.3436996378852,13.7448767322772,12.685883513392,12.4954912110987,14.8038512291945,12.6897399219959,12.5900680281448,15.1165321470065,14.0418996959325,12.7011553384089,14.9250452597777,13.8321743454597,11.1375917066222,14.144908542769,12.8644993470868,14.999518774759,11.4531672323303,11.684468703733,14.1620344342468,14.4518662909287,14.7829398880001
"dbB|NP_001035559.2",14.7252209003832,14.7086622140822,15.0250357321905,14.936904419956,15.6455669764949,14.7130255325841,14.659577852586,14.7107988225105,14.6723329966218,14.8757525694685,14.8969692892266,14.7640165186921,14.7687279354616,14.8594245889558,15.0410754016052,15.4158682637266,14.5557457639061,14.4675272621009,15.168487091197,14.6265180612521,14.6424814547528,14.4916778122014
"dbB|NP_001035567.3",14.741037607737,14.8147092787212,14.4839828109005,14.8839788685436,16.8518245094286,14.5878433654869,14.6415452226934,14.6372331419566,14.6778821924836,14.5308035401713,14.6777886664209,14.8289852432395,14.6642912024493,14.5050754882555,14.8422112731141,15.0119181940475,14.5475911746737,14.2244015526497,14.2559385004915,14.3138765359438,14.4941132010429,14.2983322793437
"dbB|NP_001035594.1",15.146074865517,17.0319921429795,15.534622405472,15.590683223273,14.8152981001551,15.2133643419752,15.3115009708958,16.7552242575146,15.8618140721768,16.6550170788167,16.8429766356166,15.2736465229007,16.6984835499272,15.6900420196112,14.4003277752214,16.273514787969,15.6526176721208,15.2973217647349,15.8320066125088,16.196429136554,15.9210463537472,15.7360552390932
"dbB|NP_001035642.1",15.7087771079833,14.08024071626,13.8671157250917,14.2842636306853,15.341798495578,15.4059821482521,15.2613502461888,13.7798311942645,15.7366959818238,14.0121255812165,14.0475848003953,15.5745241523047,14.1691209142747,14.5987793574931,13.823537953653,14.0960202500166,15.8081580232195,15.775410661651,14.060022198912,14.3359795414181,14.5480692360936,15.4755078405623
"dbB|NP_001039397.1",14.7595637007312,13.9219100836005,13.9569854943952,14.5470993896317,15.5173821183728,14.6513801233961,15.016087628371,13.8099330804673,14.9116816453781,13.9707922472739,14.279319231338,15.0438366922479,14.2564885783191,14.2788549057568,14.3157504108261,14.1359047651463,14.9454532704019,14.9802047917851,13.9778089806095,14.0035095191472,14.5375904540446,14.7133307314486
"dbB|NP_001039513.1",14.9747522439176,15.3005304796336,15.3085899526822,15.4640156189426,16.0561094091692,15.045131777982,14.7259997536119,15.728054374551,14.7397430016676,14.0381658679329,16.1439814662022,14.7646931002529,15.1744179729051,15.0836250132,15.4489928893966,15.2757435173427,14.7654567740569,14.9049958463285,15.2228397476541,14.2591094668821,15.3220215777714,15.0474812786341
"dbB|NP_001039619.1",16.3079561322693,14.1435976162357,13.8470766282227,14.2220195098306,13.6798379320895,15.4502226967888,15.7906591111858,13.9607162721039,15.5201095482227,14.1147767635666,14.0830379229345,15.7346844843879,14.0141281679331,14.930598136697,13.8908950943263,14.0498383200265,15.5497039873345,15.612746187557,14.1702055661979,14.2898043748181,14.446077846174,15.356280686726
"dbB|NP_001039793.1",17.5508168865654,19.2014592547942,18.2896314370223,19.0342276625042,19.3253261677889,18.6899110985185,17.4843959582211,19.2931275239905,18.2607232379043,18.3593143114283,19.2425499809118,18.0303675446055,18.0822393537351,18.693790986174,17.5799851116874,18.8657995036085,17.7416827465275,17.8210437935735,18.1107019539904,17.253977206492,18.3899820218563,18.3142578500097
"dbB|NP_001039805.1",15.1106452110202,15.7917227800982,15.4343404579302,15.0885385552053,12.7328922861861,15.1012128590806,15.6320754257341,15.1320880227326,16.2472172358077,11.6319740589654,14.8491518455706,15.7850221754731,15.7308490099224,11.9206955092978,14.6898924909051,15.2076122146508,16.541651094065,12.6821907947324,13.5565239561553,15.8125833862451,15.7307954713608,12.2475623824911
"dbB|NP_001040014.1",14.5282815581868,14.0960578563377,14.4800097565555,14.5693575121129,14.94732475256,14.3908646199066,15.0088450559227,14.3837142465951,14.8961208216729,14.2884874356848,14.6861895983092,14.8998322569495,14.3510756972483,14.5513238330486,14.4395962005604,14.2006670813633,14.8839608359075,14.8450393574613,14.0494972187512,14.2376667180617,14.4630183044513,14.5612572907273
"dbB|NP_001040081.1",17.8623972896806,18.4548960187461,19.0669907842513,18.4198654398916,18.3810325984547,18.208009843254,16.5182898690891,18.8375493245351,16.9993576702715,19.5742228917413,19.1234958094903,16.1121125881995,17.8332099007758,18.6312884698421,18.0496122861232,18.8844415133557,16.8909906166832,18.7706451780249,19.230655322815,18.7218166649715,17.6820188532844,17.9580751506029
"dbB|NP_001068616.1",15.3672830419598,14.667380023834,14.3470292924801,16.0229601801971,17.0434385962101,13.4301800022133,15.6951900513916,14.7278906841629,15.654987035453,16.7438193827915,15.9515661692203,15.2737485089369,14.2083025683192,14.7480263879039,16.0149276704332,17.0154808895335,15.2018704099822,14.5663563298106,15.0147507100793,13.9584072998327,14.4771347655395,14.3400442511362
"dbB|NP_001068816.1",16.1920338640396,15.1319153334776,15.4764127597819,15.7265090868798,17.2466072858792,15.8156882210645,16.1990522689406,15.4020036164705,17.4569544772437,15.571904679339,15.4922401684309,16.4423999418572,15.1041887406951,16.2819916479804,15.7048117673355,15.8407532763186,16.8373758917005,16.7277663964685,15.6279298469697,15.5985801285017,15.8097729543442,15.512884202944
"dbB|NP_001068822.1",15.933378949796,16.6113115968661,16.8432974294498,16.6196486237188,17.3047985876894,16.1057581938516,15.2149711292091,16.9446967553244,15.8762913346983,17.1071707700206,17.084406139243,15.3670545767296,16.2028728734696,16.1019401567681,16.8484058564291,17.0856238512217,15.4490991592281,16.151557231884,16.8055660300809,15.4129413111703,16.6178738350389,15.8622863974226
"dbB|NP_001068934.1",14.7321409008125,14.2125010649921,14.275900945375,14.452784366271,15.54912548519,14.7485699904265,14.8365908867924,14.3145989100451,14.8981519834012,14.2634080882673,14.3590349185811,15.0066048964227,14.2932065165236,14.6194769609131,14.4074250135518,14.4076279699086,14.8360895679797,14.5421871333729,14.5268619812452,14.1182892503829,14.3216525889508,14.4934838682781
"dbB|NP_001069010.1",14.7148838640367,14.3257022442443,14.1690651063904,14.4701215146955,14.7938964415971,14.2184843562223,14.9140587363526,14.2807580458791,14.8858787561041,14.2643748529064,14.4013427217598,15.102836020492,14.2016649266296,14.8784947844511,14.495498674301,14.0869640508184,15.0088770415322,14.7019422615766,14.6435595973798,14.6120680051076,14.4417481942691,14.9118002832892
"dbB|NP_001069380.1",15.0123636875243,15.521736800419,13.7886565157629,15.502518569075,17.580916918223,14.9457358405251,15.6039113963058,16.1335700608812,15.6534620439274,14.6386291148666,15.5424259681652,15.3394590142801,15.1850069089527,15.0233110155485,14.4938448860878,14.5273681022693,15.4446665434709,14.0565448933114,14.9274295920581,14.2870212847829,14.3245681090756,13.7139398909243
"dbB|NP_001069381.1",16.0653431950508,13.8639374510406,15.2529311395881,15.8028044295551,17.9778717766769,16.2664407968791,17.1426720830573,15.0472719711966,17.922890693691,14.855306312735,15.0168001582504,17.397292362515,15.3360303887673,16.1993517327918,15.6017519878559,15.724076405882,17.4150870135367,17.8306052250301,15.4455390184178,15.6854854167871,15.7544593189679,16.0262171271201
"dbB|NP_001069541.1",13.6216659654529,14.9452251845056,14.8497316318432,14.8088210510015,16.4759649184848,15.3066111955339,15.9714487594903,15.0305087182645,16.9786605850946,14.9751219001239,15.0577875927473,16.2633690421429,14.84573097813,15.2992801565739,14.9017200897178,15.4036003166303,16.4759467891853,16.7067958615566,15.2638246229777,14.9364416979855,14.7848696695664,14.981099547359
"dbB|NP_001069609.1",13.9785150958336,14.4208139512878,13.8691790588911,13.3416726100285,15.764505485163,13.9282064765984,15.0275199749253,13.6895852348427,14.7921068959763,12.9335925320301,13.135395298891,15.1053810904797,14.4535268235268,14.4097751290755,13.9519122299932,13.8511702550937,15.0512376603973,15.8762387120069,14.0493006376862,13.9147925815272,13.7267789842941,13.0486848578377
"dbB|NP_001069844.1",14.966702073739,15.8539124824375,15.7288778666035,15.4949920780296,16.4831189365951,14.9633631234207,14.60775686696,15.6200814878907,14.5381424813648,15.5282965955834,16.0154565607,14.8789305406138,15.1853005210176,15.3733544507245,15.7479075012853,16.1985322939826,14.6407541706765,15.4069161929256,15.9343710299263,15.392484570776,15.448794840793,15.0888357748727
"dbB|NP_001069971.1",21.1670068667958,20.6990947363246,19.7104012419072,20.362245807201,21.5878766543358,20.1967640214995,19.8236425240199,20.8780544014174,20.5552679367807,20.6329096138331,21.4382872999289,20.0084149850651,20.1801174592612,19.0719237147367,20.5994262853809,21.0559094293731,19.1679164471641,20.9906126040631,21.0391088465402,20.2215898255017,20.5377256788979,19.9996661400369
"dbB|NP_001070560.1",14.2687846442307,14.1160299637398,14.3680444188861,14.2396771083047,14.1749250928851,14.0493831431638,14.6251151924483,14.6584198981406,14.6115359096124,14.5060235738544,13.8362476795687,14.9728072592869,14.19863387709,14.040649706915,14.285800045433,14.591296867445,14.3679068589917,14.3828641968664,13.6678666131822,14.3343237297272,14.1752684442986,14.0740495870538
"dbB|NP_001070890.2",17.0708715125906,20.6738831614135,19.9845486411208,16.3601800559354,19.1686124910296,20.901709239736,19.4946371164673,17.1713778097654,19.3591077803653,20.8000194866795,19.28989381711,19.4219163196791,15.7867065246352,16.0680295491634,19.0902079305586,19.5534409182455,18.5840201877272,18.4776764486128,20.145745926741,21.9960313289923,16.8813390092944,21.4835884803351
"dbB|NP_001071275.1",15.7959575680099,14.9801031507205,14.9955744009455,15.3477903816905,15.2174596073699,15.4339267135828,15.8037178295181,15.0770445818449,15.3234548209674,14.9176731100858,15.1426315206807,15.1052291054301,14.9707592238432,15.8092488851571,15.2028807780675,15.2968646343006,14.8878933251536,14.558411331198,15.2417630934507,15.4507195569216,14.9665514990223,15.5990112508221
"dbB|NP_001071297.1",20.5318678518752,20.4540662276302,20.0783666585586,19.6722213664547,19.9362335040434,20.130024882601,20.1008864690247,20.3769182403991,20.4328984245369,20.3409595703031,19.9893324937173,19.5320824767396,19.7237051300641,19.6205688987071,18.9395769657991,19.3826733239098,19.1124268323587,18.8416648515397,19.8550484689646,19.8380280966981,19.7409769470625,19.5014115832352
"dbB|NP_001071324.1",14.053786062699,14.2217208047618,14.2568446914533,14.0690968724015,14.2992116278591,14.0850856773431,14.5492017431252,14.1745206862248,14.6541358066317,14.0029445783302,13.8372789261108,15.0941664736653,14.1878624693368,14.1911517573587,14.2044403585649,14.3432480081501,14.4237161278542,14.3483429215852,14.0535664756701,14.3202516561223,14.0290057530544,14.1169243369414
"dbB|NP_001073247.1",13.2857956805904,13.0401400909272,13.0429171917783,12.7045568037472,13.6116700955924,12.8691812178379,16.4331344251416,12.9034013983912,16.4741772370986,12.829538216166,13.5939810204356,16.0587376275819,12.8141352845518,13.4572282154943,12.6807034867285,12.2802512113581,16.1623206621986,13.6670293851938,12.3296221948664,12.8021874971956,12.0654361480195,13.409133162266
"dbB|NP_001073805.1",15.0226212067167,15.7451724555286,15.7036406630565,15.182449265,15.8050222485976,14.5169378104268,16.1061675877406,15.693157268673,17.3201006802882,16.5676766281522,15.3468643758099,15.3378540178558,13.3792454438554,15.929894256264,16.0199670495461,16.0842206186427,15.404690836278,15.7375576577697,16.5494247329839,15.6396756886291,16.4326710421085,15.2828293853071
"dbB|NP_001075071.1",17.8040477974878,16.2380701384874,16.4400401129302,16.103102901433,15.2471122359763,17.4688034278431,16.452711487026,16.4408008328622,15.7592599207916,16.5797990268942,16.5287719450948,16.1110543363272,16.3659372338686,16.4648375022264,16.4413933388548,16.1880135229794,15.5440738495807,15.723932144453,16.4401625036115,16.4747458052273,16.7505485149646,17.2829382030147
"dbB|NP_001075189.1",16.2982250592058,16.9009440446144,16.38167040238,14.4015151941479,17.203867562423,15.4017522142096,15.7774070449931,13.8190468283071,16.1638311737293,16.9163212058119,16.7356998499454,15.6831855580266,16.4051832128113,14.8849378771532,14.6992758824898,16.4349898458355,12.4547230462448,16.2571809799248,16.8094261548438,16.4407761166817,16.4327468666868,16.2287029461478
"dbB|NP_001076894.1",13.6575012270849,12.701318130499,13.3211148229425,13.4881296514392,13.3139365254818,13.3946121931983,15.5540989586911,13.688735695475,15.2737523678386,13.2840355672307,13.642195235223,14.8584408087434,13.4870003762642,13.5993469858495,13.4701465396555,13.3209217059465,15.119937643502,13.8810330332684,13.5580583919578,14.1755213934625,13.3738348166206,14.4180091954818
"dbB|NP_001076979.1",19.4067573849515,20.9863565954722,20.3219416694355,21.5672763700821,22.5640741303255,20.0628368273765,20.6712711177222,21.4105683760464,19.4509401468435,20.3961616084903,20.7034288650528,21.0541727690568,21.0727700069316,20.1249594553611,20.8906886162171,21.0755390079342,20.1384989560099,20.8878196770027,20.0488119045283,20.5227773825218,21.228141361112,20.1182414211258
"dbB|NP_001077106.1",15.0454542608131,15.9056423787154,17.1014207094319,15.904428066132,16.4911122858621,15.8312524049478,15.6100361974022,15.8678723802904,15.6124862925953,15.6520979269916,16.1461214786469,15.5571738188589,13.7723330580969,15.6714446847418,16.3268214657305,14.86501822889,15.6881195689144,16.5992922263593,15.8422472529269,13.4908592202214,15.5947328553195,15.5203896722477
"dbB|NP_001077145.1",16.0635241316346,16.0743461465421,15.7705732920127,15.5664582648632,14.9631209640462,15.1094186726536,16.5881213501737,15.2889574886457,16.0866239757645,15.3161672963769,15.2597370899083,15.20885892925,15.6691309033027,12.628475202008,15.422098208588,15.1376727917593,14.9769409445539,14.7965226310586,14.7978564072974,14.8574050925473,14.679382578159,15.9437210009242
"dbB|NP_001091566.1",14.7528488107093,15.0532354093079,14.802870218667,15.0568010130536,15.2695548617904,16.1198234687528,16.4865678872644,14.6444754911144,15.7850274516124,14.8172043925098,14.9355362407889,16.6637098076371,14.9151754425808,17.057836631102,14.8034743922292,13.9950365361175,15.502369947638,14.1120904022395,14.8711721892271,14.902394866068,15.1040675837881,16.7696931081712
"dbB|NP_001091585.1",15.74108248242,14.1592739911089,13.445158302923,14.4836956132092,15.627260034391,15.7137368808057,15.1404784832171,14.0194635948883,15.1115762926102,14.0606017365237,14.0533785227554,15.0676971609261,14.0796949810523,14.8474152986402,14.0307438188449,14.1650080449173,15.4890229328694,15.672263137369,14.250517155235,14.2523743941912,14.5933728496275,15.6972910636659
"dbB|NP_001091855.1",17.9217616907841,17.5698785875699,17.7405694713639,18.8196418118556,23.0189846123524,18.3312287099353,17.8512611696418,20.4813936166449,17.0728839727252,19.056512199339,19.4701597899412,16.4025847798508,17.9060392656342,18.4471452938673,20.0968196814222,20.9414934143898,16.9928113196529,22.0237018120551,18.0804168358795,19.3522458793566,19.4432724909867,18.1998619040984
"dbB|NP_001091941.1",14.4250994259763,14.3698040745371,14.1933468572178,14.1268146378488,13.9002798484512,14.0477730442306,14.5762940916554,14.3208285745338,14.7303335362141,13.9823162838449,14.2057703560759,15.2056331504082,14.2077164966474,14.4261669695759,14.1541393518662,14.5398863814697,14.6243729375035,14.9732814093187,14.0289323796515,14.4854904249516,14.0913062226758,14.2931981914329
"dbB|NP_001092344.1",13.8452174778644,13.9198667506708,13.540365164382,13.5832133215239,15.2001117161577,13.7727057147301,15.5824472985869,13.7558871945755,15.3259100103956,13.4370513903573,14.009135912449,15.2833604844258,14.1131819716102,14.0217856943528,13.6344755893614,13.7719208876542,15.3775330284586,14.4012369009301,13.7429724253341,14.2366912032493,13.5140427111362,14.3547372191846
"dbB|NP_001092578.1",15.7588909288185,14.7916652189633,14.9818226778032,14.9242239380294,16.119020557694,15.9714525877492,16.0230943891936,15.0998361711736,16.2145039624764,14.7352439535071,15.497520130248,14.3288323011092,14.7206753193738,15.9915676545718,15.5592565079218,16.0381260971828,15.7112576706869,16.4150666134346,15.2543545236277,15.3355875551922,14.7495112566362,16.0363335206023
"dbB|NP_001092612.1",14.2592632494516,15.2306990054727,14.8082443500869,14.7705081355056,15.4426564247144,14.6990350069558,14.8772137804599,14.8344683301236,14.9137083698765,15.1321751930275,14.9093123533983,14.8935656431678,15.0700659340009,14.929981938365,14.1952639629818,14.6433387825095,14.9694164551285,14.5900438804058,15.0651753226228,14.6977224212455,15.2338487986691,15.0766051552489
"dbB|NP_001093176.1",16.0135282044934,15.2116085456954,15.040130089011,15.4244118433377,15.116406434335,15.0438227712946,15.855527459699,14.8770383731467,15.8856004698802,15.2305089730948,14.9590270080146,15.4283936524448,15.06311119876,15.7639487157297,14.9668858351028,14.8446824327896,15.3055286998075,14.8236427462847,15.210946047397,14.9050943285566,14.3883239328011,15.7489084279502
"dbB|NP_001094562.1",15.0391998988675,15.57576176834,15.4429798000109,15.753145183402,14.7398376656966,15.0232688030422,15.0675927581068,15.9730296625235,15.1076989065154,15.7264337608797,15.3627162827339,15.1234415834137,16.8927958798012,15.0721899230568,15.1381339626159,15.1142836290302,15.7364960595736,14.9635206763414,15.7165326604834,16.2078022244702,15.9199553329065,15.2679309662934
"dbB|NP_001094622.1",14.3851362466728,14.5547819999265,16.1544434307213,14.1012428111969,14.5521182555415,16.1348119785807,15.0441100086025,18.7132426826838,16.599816375789,14.8416829148222,14.823775180504,16.3945172682679,18.2638952724827,15.4459211884636,16.2009294733616,14.3822924440674,17.0056199912152,16.2939600845123,18.1771895429792,16.78289971248,14.7536614051773,15.7838292249261
"dbB|NP_001094637.1",14.7278918320426,15.8410350384151,14.6483065623537,14.531954057985,16.0968382114479,14.6812109112291,14.6908079857678,15.5408931636886,14.3398472159546,15.1330476685583,15.3667064207172,14.7408918777008,14.9568497902406,14.8783681086155,15.1433209982713,15.3072449344435,14.4267746000036,15.9434710244586,15.2397600168421,14.928226547229,14.9540987076055,14.6583137538295
"dbB|NP_001094767.1",17.4305179827085,17.9556439989311,18.6546949961319,17.9341110803193,17.4260263472722,15.5774846967593,16.0621182677621,16.7383496710462,16.6146087358334,17.3639163762198,18.6297693338278,16.129756221871,17.8653489837901,16.7945338843904,18.5557924422029,18.416294856777,14.4057315596444,18.6160127330469,18.1155398921726,17.6983000191033,18.2340240601865,17.5386617873757
"dbB|NP_001094777.1",15.5513400308446,16.8494283452282,16.1792080418345,16.4416538032412,16.1895673110782,15.7549610571182,14.7799163591062,16.3307341491005,15.0792265519583,16.3810435497559,16.7674757655679,14.0659988054328,16.8032703244431,15.7729647311364,16.2951944612656,15.2319024010628,13.4524174837388,15.8629114849167,16.3651489011736,16.6310292808511,16.4136469124524,15.9330741165203
"dbB|NP_001095318.1",18.3092768721514,19.2513479360195,19.7238800448167,19.4392349324306,17.1699775134455,18.4706663612355,18.0226567413916,20.0703730129398,16.8325718798013,15.5188297464027,18.9243123316397,17.893437814541,18.983920783901,18.4876664116731,18.9564744605899,17.9252682281546,18.4919050450271,15.5287327396755,19.132795229643,19.839657682754,17.0750600943693,18.5220665947744
"dbB|NP_001095385.1",15.3235220467213,14.8203400634366,15.3055719577701,15.4571872585211,14.0446083024271,15.130815136268,14.9836686440356,15.129400709466,15.2610659392895,15.437616788738,15.2347319197435,15.2421570073536,15.2681526945199,15.4607105539788,15.2910201515292,15.0547766552609,14.995256038733,14.7325603203015,15.4770281060813,15.4771421074475,15.602110621017,15.5376820222645
"dbB|NP_001095544.1",16.1751542270996,16.2065638830498,16.3649038245939,15.8672874542303,17.0961565491026,16.1362464474894,15.6002882414997,16.4293399185829,15.5230972367902,16.3399411024166,16.9393229327072,15.1597950076834,15.1988292687363,14.0042726062391,15.4717237572278,15.6719329845997,15.2160421631756,16.825649207208,16.4021163874218,14.4349232848192,14.8525346493028,14.8543975936961
"dbB|NP_001095547.1",16.5892564013567,17.2709932699421,15.8210506440894,18.4087501059069,19.4968812802703,15.965279842302,15.7656393707214,17.8023244822208,14.4858156597774,16.8299747728046,17.3153040899124,15.8105707624973,17.5634299480576,17.0079090039727,16.1078996129124,17.0777545651519,16.4804450108382,18.3658332485806,16.0774130654007,17.6374219987443,17.6940528346662,16.0361828531487
"dbB|NP_001095979.1",14.686606042508,15.9902741841454,14.6621180651361,14.5830772791546,14.209077823641,14.4815111753795,15.2567854159117,13.4838068620779,15.5303572877338,14.7122901654229,14.9186502540621,15.2846422196149,16.1029472752635,14.7180262095599,14.4130796915813,14.603925228753,16.0467128935754,14.7294711631815,14.7771697428913,16.0249245062581,14.9939556638199,14.8047318412452
"dbB|NP_001098792.1",17.9981395285886,20.5204690852689,19.4119674044122,21.1772608691935,21.1930641698163,19.4072073604337,17.8576202847283,20.4738027165596,18.8893357520512,19.6115761266335,20.1312921636474,19.1869884678179,20.0983561866117,19.3849534173622,19.8425650810039,20.5289696739298,18.3721537624483,20.1248483035974,19.57392727796,19.2792887356833,20.5208112817424,19.4456064490056
"dbB|NP_001098944.1",14.9828001657949,14.9750006059959,15.0222001562682,15.2778114024523,15.094531471199,14.4354919199709,14.6311806513955,14.8608493316705,14.7225278254219,14.7327173898677,14.8174849142951,14.7725143300753,14.8495811740309,14.7279744677865,14.9757041828069,14.6580742250061,14.6331776927359,14.6384902342434,14.7157622495639,14.6303743508866,14.7029568602746,14.515144378273
"dbB|NP_001099089.1",15.8215157396422,16.252445879476,16.7833883318575,16.4131971836701,15.6649664738899,15.7321856858494,15.2712976876975,16.28598049627,15.2757033220522,16.4227237136135,16.3813669064031,15.1595559783313,15.9539365449417,15.9206804624036,15.1528322979807,15.838722303206,15.3561067256387,12.4550208622844,16.0436236593361,16.0166982169729,16.3145642806434,15.9200323448071
"dbB|NP_001099106.1",13.8969144543867,15.0913663471013,13.1964544176902,13.7957379532487,13.305609557355,13.711952689495,15.2356719501342,13.8001090659923,14.1124507742891,13.639350484621,13.9275953522747,15.0881067390679,14.5576867700439,14.2391618948048,13.0110901363368,13.9617983016424,15.0886435067338,13.2564752579702,13.7371682274665,12.9725243101803,13.563559025359,12.5235213142168
"dbB|NP_001099123.1",17.8910265606596,17.2581453420917,16.7032772224817,15.7337710784662,17.374311256859,17.3289038860017,14.7946390300922,17.6760292391694,16.2334034443349,16.8782492814625,16.7014812954179,16.2233406427805,17.7865208155863,16.7964520615786,16.6957086089716,15.5008268592356,16.3994609060704,16.6545551824838,16.7003491186279,15.4379326946791,14.6212634954589,16.9133105915682
"dbB|NP_001103265.1",14.7081986155629,16.6116183484109,15.8663002490357,15.6315494752425,18.4791066209228,14.9706544707319,16.2202187573745,17.028470760267,16.9871956050308,17.0219500519905,16.985867511415,16.2298775584542,16.8161987796599,15.4445908363938,15.173010719766,17.2849728442794,17.1812247304257,17.7738616778934,17.3999564829204,16.806992680032,16.4640261638626,17.5239623076233
"dbB|NP_001106769.1",17.4639363302505,16.6210159719467,16.7268401533802,15.7084580222596,17.0538745420185,16.8485866960148,15.5923544253188,17.1156849702576,17.9865679961158,16.0025828623878,16.6802468163599,16.1654549930931,15.2423590651411,15.4283403340316,15.9646630882968,15.5548551715211,17.1036278801405,15.8264414949441,15.9189995522602,16.0359460603756,16.0428267194876,16.5144011313053
"dbB|NP_001107197.1",18.2127892799801,19.2853521537489,19.5359923687912,19.7171106687817,19.6864012095691,19.4016942321244,18.4671183886958,20.4193352100368,18.495938900807,19.8537272263306,20.2209542969087,18.0965183153661,19.2605907717586,19.0230303730344,19.1690737624674,19.8935860280023,17.6971604352107,18.9814497666535,19.4354106253073,18.9204256791212,19.6683349504696,19.8442951194705
"dbB|NP_001107662.1",13.9922851262864,13.4924654652729,13.5907056848617,13.8744972840112,13.8493359885965,14.3130388656167,15.3989745512673,13.8945554822327,15.1471561046715,13.830190813,13.869925677886,15.050366216976,13.8371571806581,13.7799044646004,13.7249035391873,13.7920458905056,14.9654628046461,14.026695250613,13.9981296795496,14.0180465035,14.3229982611582,14.405735255504
"dbB|NP_001116507.1",14.7711432067134,14.832849919435,14.5276968202965,14.6300986141257,14.303577928517,14.9795977668873,15.78696304367,14.752121217591,16.1707491049706,14.8180634499628,14.8702827028925,15.557460478046,14.8187774562466,14.9108520234296,14.4326294293362,14.4254395251477,16.0065011684498,14.5887960293759,14.7438148827085,14.8939597616389,14.6684019724349,14.7578031786889
"dbB|NP_001139773.1",14.1173964186363,14.2254856053873,13.7567045435803,13.8210796272834,15.5341871761658,14.347114118781,15.6375834770512,13.9725192165217,15.3300310306111,13.9499012846444,13.7371890702268,15.132395723282,14.1901164977741,14.6037951647915,13.7988175211725,13.9377176644631,15.2129094026993,14.6850838892018,14.4404930732668,13.0687685953257,13.9706439684238,12.9057598568491
"dbB|NP_001160041.1",18.5353967425293,18.7066248409666,19.3189918502129,19.1844003978693,18.8489014898559,19.3563195198352,15.5531491795698,20.0009292492414,15.8719797613898,19.9558428699076,18.0962385724596,15.7077997899586,18.4238244718956,18.9440768839553,19.137575617479,19.3030568593364,19.5493317576388,18.4882413721523,19.5577036482637,18.8625418891963,19.0345086978581,17.6065174165534
"dbB|NP_001160047.3",20.7145564222844,20.8534694537561,19.8123883656836,20.3572427333636,21.9074700137443,19.5519545733521,18.5285736576757,20.7291989886396,18.0079411121647,19.9121962034635,19.6894014903052,18.6424831476432,19.9651464884085,18.6223530696815,20.2014346779454,20.3598881854714,18.5145173639813,20.4780695876768,18.9955768767607,19.196238625323,20.6066812923881,19.2168119433405
"dbB|NP_001178341.1",14.4619313849798,15.3425575493966,14.6608141262015,14.4436995818049,13.5392222426609,14.1621019909638,15.3441269673685,14.6551461883423,15.395716984826,14.7211746822613,14.9343311856665,15.2969244166962,14.7235003810452,14.4220083977173,14.5215885428652,14.117396168391,15.4020455655333,14.4500565787486,14.651739273374,15.3245201931175,15.4013173908835,14.4209085124831
"dbB|NP_001179297.1",16.6052678633335,16.7650401995325,15.1814776049059,16.8832213127364,17.4205018074233,15.7424531608183,15.5314714971465,16.8866185809389,15.9378972205235,16.2668169656266,16.5115570782719,15.6555522745914,16.8205912803507,15.2619090619512,16.0768630404316,16.0556625624097,16.0962237342156,16.4591886175217,15.597564402053,15.1493904101643,16.335043659149,15.1445142571169
"dbB|NP_001179454.2",15.652466708874,15.6528967496654,15.7819572059275,15.9536626396324,16.6351744443812,15.7861859246742,16.4570811178457,15.8851840206545,18.1627712632707,15.7034287554237,15.7509184154177,16.8135270919922,15.797497643711,16.1856380609987,15.8121704239795,15.948218813858,17.3499528479342,16.5459812661672,15.8984793182358,15.548451442338,15.039982281292,15.6656741009711
"dbB|NP_001179530.1",13.9466337270063,14.7115994683634,15.0170159467527,14.6618556187704,14.9343876712025,14.3454550839842,14.6477161681568,14.6650240082065,14.4154813389502,14.4856830316907,14.0063347073862,14.6236226971366,14.6650552099918,14.4634643610791,14.7921777501659,14.9298229356867,14.5451181410324,15.2058765166992,14.2958430826112,14.4147819726407,14.5713513190654,14.2540022123222
"dbB|NP_001192115.1",16.5806623575928,16.9214402732595,17.8219916308372,17.7276348223138,18.7225668154735,16.9335172050679,16.5042790757456,17.3057624894483,16.6554901014166,17.8232439417099,17.8508945252428,15.6945771174628,16.4053790848078,17.5242700610931,17.047744198083,17.5442068600716,16.6960359808016,17.9514636805272,17.0375987468556,15.8678528951702,17.4083036504722,17.155267420338
"dbB|NP_001192389.1",15.808765723609,17.6797319805242,19.3393471062022,17.9100975460111,17.0260081550106,16.7751035488892,15.9193372943011,18.4724576639916,14.9915348801876,17.6958374194842,18.285468274437,15.009220804021,18.0294252316404,17.6384652173022,17.6404371837831,17.3718122893229,15.7233103684839,16.6110849710945,15.8377625863246,17.8304931028575,18.4795936428908,17.0469818716069
"dbB|NP_001192390.1",17.5611580154922,15.2577754560021,15.6799221421077,16.738347267556,19.3107993526106,16.1721995228633,14.025626753842,17.3377327740222,16.68852108136,15.6496524643836,16.3002897134089,16.6924981672885,12.9654370932985,16.3954619672673,15.11367168969,15.6051989142331,16.8415622343606,16.9628781854194,14.373578665618,14.5927916324288,17.1713484989286,14.6046229734135
"dbB|NP_001192653.1",14.9438505923064,15.1072182356085,15.0698866697306,15.2597790682943,16.8161491763653,14.7978166956063,14.74413360551,15.0443039464905,14.5514295246093,15.0351320417546,14.9971286867894,14.7662249817555,14.8633186434837,15.0178040740099,15.1668800824634,15.4207334355991,14.7373323973298,14.9462923517237,15.2038039144721,14.7375879239648,15.1190282295301,14.8460887484854
"dbB|NP_001193236.1",15.6395938096722,15.1029023073426,15.0724942850838,16.6283874464384,15.3285611260881,14.9094355310676,15.9525317902788,15.1566504142468,16.3591545748019,15.1113054468483,15.1653479432773,16.0668236419419,15.0125395064582,15.8784200498318,14.5605038091122,15.2746707685162,16.4771227424851,15.9237310835595,15.4600941717176,15.4971336190984,15.6056125350336,14.4662623537895
"dbB|NP_001193642.1",15.7082952993731,17.6582512593751,16.9510855174019,16.2499547313555,17.3241491446791,17.7851510197557,18.3434496670565,17.5778192148731,17.8822971801423,17.26280786688,16.7532091403142,16.5285862313663,17.17874323432,15.4912207431837,16.2856709942647,16.9606869735852,16.9091598119674,16.760365253677,16.7995689675366,16.8168757235066,17.1417161001978,16.5304844109317
"dbB|NP_001193716.1",15.2062436920731,14.4118425604531,13.922534818944,14.9610527066445,14.8392091068963,15.3712708510419,15.7597512960524,14.1477417063642,15.8086091494227,14.5527130827221,15.6017210656811,15.6760253745228,14.4520823526757,15.0779352261542,14.8152509776476,13.5806459772227,15.4717124784074,13.0172907823856,12.9877083539888,14.2997167684602,14.4539520467334,15.2659112624643
"dbB|NP_001193735.1",14.7399036512544,15.3607625102207,14.7154226985176,14.7695554996005,14.5650939712331,14.2848388764085,15.1870912079902,14.9650406161473,15.5067893489828,14.8338485992342,14.8549383402365,15.1893018485049,15.2253447699606,14.8753386111534,14.5555066108321,14.5744055194688,14.4665107727395,15.1329395046074,15.0575658194834,15.5027114128526,15.6174746856965,15.1693950914668
"dbB|NP_001193800.1",15.1035993530931,16.4110891110423,16.0168127483573,14.6999510143203,17.1502578021013,14.9276060763081,15.2819936436228,14.8094224004592,15.4586663296024,16.2398583515547,14.8767038587148,15.0973488064354,14.5814992921473,14.4996621535878,14.4705890873566,15.0735099375687,15.1404930132103,14.0424741142373,14.3691859562174,14.5096583498619,15.9743621197565,14.5942916388258
"dbB|NP_001300920.1",17.83924522224,17.2218280034302,17.4514413689331,17.3785739229282,15.6718196044697,17.7558752497561,16.8725269240784,17.7260879846162,17.3054634782444,17.3443487302069,17.4890853174445,16.423869919356,17.1310474831361,16.8604613382375,17.0508596379243,17.1023790761504,15.3893374390258,16.2437800654639,17.1864558477014,16.966431965639,17.4809300474471,17.5438897879353
"dbB|NP_001361459.1",13.9208650586095,14.8312550703181,13.5063383508058,13.9032762143073,14.6947752179437,13.7715823502059,15.0044036901067,12.9567777373161,14.9391365455668,12.7165951463256,13.5003741147961,15.0813024821248,14.7402364467582,14.2138524793863,13.7584203306817,14.1227257619505,14.6196044252082,14.9290055317362,12.6313739123042,14.645666700587,13.424414235881,14.0320186497321
"dbB|NP_001372287.1",17.7727984980797,17.815977281576,17.9546288880095,17.2827295177633,17.6110648595642,17.8633536246197,18.2488654539135,17.9797147475694,17.6206104859938,16.3885618182402,16.1856206194428,15.5536409478065,15.1855444001018,16.1658560524549,19.0717064050838,17.1590724381465,17.7297704225705,17.0190454089788,16.4396515083504,15.7191409020726,19.8939219756078,18.1490149873671
"dbB|NP_776307.1",14.1300623067051,14.165138979711,13.7908279640864,13.9049686408406,13.5036618059436,12.8208705330748,15.036821591575,14.0086541507613,14.842109053988,12.7499432694018,12.7664186015716,15.1188184460217,13.8900907093027,14.2148285920003,14.0710618138493,13.9540288502562,14.9191473630547,13.2432772384067,13.6117580833158,14.58595826394,13.6863206001577,14.4794369267049
"dbB|NP_776323.1",17.0743193558526,17.0043842998472,18.0522933762073,17.4376265921802,18.8056903751173,18.3229762613679,15.9243314319599,17.9611909204518,17.5548519238367,18.0852066085523,17.8675771438782,16.7558461710478,15.0506701120679,16.653900604015,18.3721938566285,18.8154310012686,17.2041936549042,18.3176135782275,18.6820527580833,17.2160277704382,18.6818025926876,15.4110465602768
"dbB|NP_776325.1",14.8863949156791,15.5479032951894,15.3447974699463,15.7574420253668,14.5237755850888,14.8667325432492,14.8549683809912,15.8687072868455,14.9079895919746,15.2436235885281,15.7406614637916,14.9177341505439,15.8820629360012,14.8719301112571,15.3640047841505,16.0446761794008,14.8221579630007,15.165823528925,15.7034392894369,15.6351326476722,15.4946198006621,14.9234466024909
"dbB|NP_776342.1",16.8707358257382,21.0820605715613,20.4316589636487,16.2001907987163,18.5663856008023,21.2965238301866,17.3205083523995,17.6138984531109,15.9025882673316,20.9340515140304,19.2067093653803,16.9464511758802,14.4780706107944,16.8501964539708,18.9158903075264,19.1963924764011,20.5764136606244,17.8678410292422,20.2628158641296,22.4026261873286,17.3544580591116,21.6458983030425
"dbB|NP_776354.2",15.8381489594851,14.9745818684622,14.9034522614049,15.4776767989742,14.9655967898054,15.8367924904313,17.3986533924035,14.8780409130442,17.2336153391609,14.9731994510074,14.9753693467617,17.0290068225586,15.2057434352295,15.6232532735631,14.9963614198049,14.7051093773831,16.4468996933938,14.8888365502393,15.0223856388924,15.2141138611937,15.1307731377243,15.821208751117
"dbB|NP_776358.1",15.6730101211731,15.4741649263848,16.2176546359838,16.2467321963535,16.839807489486,14.6983216284182,14.9210137001572,16.591679854834,15.1802250470193,16.0689418215053,16.5105402102194,14.911487131736,15.5084637843818,15.2597224658868,15.9607435704515,16.324026848443,14.9109831501529,16.3031753971016,16.3549961852069,15.7109424477176,16.5205549179987,14.1691616564385
"dbB|NP_776425.1",14.5817330966998,14.1813242669127,14.1612424001132,14.3714721262621,14.5378832935919,14.5650486705138,15.1338027952978,14.3177843653064,15.0005174368082,14.397126228402,14.3166610713386,15.2246956972319,14.1193071691212,14.8152637915275,14.1335403369336,14.0098785116285,15.0045257949009,14.2438737568107,14.5883268836591,14.4721050351823,14.2949911803451,14.6222447627919
"dbB|NP_776487.1",14.713637330588,14.4491900804129,14.5609013553696,15.0307399153337,15.9780915326811,14.5552383361973,14.5311647976512,14.2054406977242,14.5699403257828,14.5165187273341,14.4614165810456,14.7027970156054,14.5853065372551,14.6378349487828,14.9318995923045,16.0842773723063,14.3487897810792,16.4379974630391,14.7169085853582,14.1250325081296,13.4526450961376,13.9038858783757
"dbB|NP_776524.1",14.4845384908479,16.4766753354063,15.1438117978364,14.0058585312101,16.1686344808935,13.5053448843326,16.0328640203963,15.7651234245269,16.307966715145,13.4922496333965,13.6550397709899,15.937896147836,13.3863425690007,14.9073663389524,14.668042187904,13.1579050799765,16.4201078459578,12.7758304520878,14.6076100225316,13.7750230455612,13.9521396557633,13.216002327788
"dbB|NP_776528.1",15.1392947915927,16.5569151223811,16.7719355507328,16.3620635687566,16.2391816420786,14.9213570460741,16.3165801673532,17.0211837161103,16.4578153697969,16.7397188379617,17.2998808637435,16.6569837010107,16.2289958978477,15.7712579699045,17.1253200476452,14.6217306189434,16.4090390674003,16.3386344503108,16.1354200017314,16.2523244443104,15.9737321105919,15.0889262607554
"dbB|NP_776568.1",16.3118675744271,16.1521600771878,16.1481428010708,16.0587214464661,16.3394914357578,16.7174662712708,15.4558966007002,14.0004802082386,14.4094467885042,14.5595190872562,14.6965335688996,15.2214127744175,15.9161035538232,16.1717649103336,15.1106390886949,16.0879197736491,14.6303248030934,15.8058273559708,15.8003018506317,16.0180925572312,16.332666124102,16.1595618809681
"dbB|NP_776570.1",14.8488023876634,15.7242061189519,15.4453706689125,15.3912228095781,15.2294457064506,14.9430984371004,14.9993276218645,15.292821113262,14.6914459072717,15.1103823832013,14.6085330153572,15.0570058303275,15.9114598162033,14.7838938239473,15.4174144436302,14.3215335402093,15.2395464463664,14.9247789980119,15.0685766049382,15.7834563844026,16.0702271853935,15.1991833830393
"dbB|NP_776632.1",15.3085515240155,16.1076022557044,16.0546202191546,15.8614890157589,15.9605524633752,15.5291587613931,15.0018506686823,17.2574921437342,15.2384071363857,16.1503967231118,16.1840029911419,15.277743208459,15.9732066988813,15.3731146250603,15.9446748287815,15.9301700146418,15.6245810548513,15.6403251107657,15.9577941692021,16.1521754591086,16.0030713609055,15.4589752828687
"dbB|NP_776667.2",15.8697510867894,16.8089381418567,16.9707276972931,17.0951429025575,17.8519351857248,17.7633326042196,15.2213629381625,16.9736243547727,13.6120475413305,15.8824357869812,13.8512785280299,15.8309958164957,17.3024824966128,16.9628531150402,16.8157916008121,15.6193628653813,14.4817515417648,17.6594438908976,16.2464619345091,17.985239409987,16.9421782177066,17.7502722363568
"dbB|NP_776700.1",15.7959332613028,15.4364823257705,15.9930495661208,16.3538053502223,14.7296125368631,15.450316553743,15.1234653915069,16.6390699202778,14.9894879235715,16.1006249929512,16.8926881514393,15.2947779908843,16.1345201982188,14.6764493540373,14.9604841543784,16.2147503975008,15.5765683592837,16.4116874147525,15.6921578929678,15.9559195790366,16.1517486112433,16.0080741375067
"dbB|NP_776770.2",15.3383472329696,15.0726384552151,15.3616833884806,15.590206761007,16.195353183271,14.6069376607091,14.7458893445672,14.4065520205146,15.3624982171812,14.6170303138895,15.3775798177954,14.0596520982828,15.1022171441533,15.6592619777241,15.2178796657544,16.790052884427,15.041244818276,15.3742020668159,16.0473317522115,15.1041198879768,15.2175550698986,15.2496693781383
"dbB|NP_776804.1",14.153063010053,13.9058047196185,13.7880029162948,13.3247532381739,14.9124851333553,13.9323453667849,15.3741332024213,14.0270176888013,15.1967274946617,14.0154184353825,13.9517002600314,15.0761996275537,14.1194402607412,14.018781749409,13.9901113802681,13.8010020807021,14.8824200286836,14.6115492601289,13.7962019248225,13.57466542132,13.812618821526,13.8228729476063
"dbB|NP_776851.1",15.9741192307414,13.4305878262402,17.1208916429997,12.4527153729003,16.7642514591736,16.1395608174578,15.8725778065345,15.6353023888481,15.4322510544801,16.4675164838509,17.6188839903426,15.4984326468915,15.7065059097713,16.1137347885509,16.492724802667,16.597735681797,14.7346482156604,17.3040741199345,13.6162837604976,14.5166340040768,15.1248132982707,15.9069972496937
"dbB|NP_776856.1",14.7104464271056,15.1068096156617,14.9598217990708,15.7461130075793,14.8537798724945,14.6196325755849,14.9813195211644,15.5051556357849,15.1685942635095,15.1955082809142,15.727112056029,15.0560372259085,15.3492359654433,15.1692172959919,14.9702982262669,15.5221569138178,15.0042770478319,14.8453420744636,15.1697282798025,15.2415342766882,15.3840099781448,15.2369540687796
"dbB|NP_776911.2",16.0403778471846,14.2109411709088,15.92721782548,15.0075111753965,15.9878377190378,16.1439925439312,16.4811781145837,13.7443752832545,16.5781889015149,16.135707603932,16.5345238191605,16.3864301810725,13.1822043072178,16.0971405053202,16.2129300869256,16.2514238164366,15.751162043374,12.7727572466719,13.6041003633653,13.081241295784,16.0942906647294,15.8121698533011
"dbB|NP_776960.1",15.7507634762732,17.5343024394611,16.0533031766375,16.0324479585862,18.0459782352591,16.5321632655085,15.8334515893811,17.3258698353631,16.6219311309138,17.5878165550757,17.7520953106948,15.7393648881375,15.9868608802518,15.3325095438013,17.5034492219494,17.8524502578239,16.3051795224139,15.5918404665441,16.5176250935439,14.8788702890398,15.855646444634,14.5382637686535
"dbB|NP_776998.1",15.8070559212751,16.1733655567675,15.7412258224189,16.0875067002812,16.80739932298,16.6586485099165,15.1483497612556,15.6170306739507,17.0564350141726,16.3802251626324,15.5538752836914,16.9350653793004,16.2742586417081,15.7617220127691,16.4991418983024,16.4124094689616,17.4154987889781,16.8733691473808,16.0390718926871,16.3390158787285,15.2122898456301,17.018800812979
"dbB|NP_777020.1",14.5601842203701,15.750962298996,14.6408514983192,14.4369201569468,14.1109939698654,14.5208816714169,15.286104837179,16.1469374902398,15.6190844582656,14.7167795240579,14.9413433929988,15.196642207667,14.6099065709429,14.5475836821658,14.5855124650871,14.5854343008301,15.9897601865806,14.5409690598885,14.5370237643321,16.1911208394781,14.6812972866926,14.6147710358653
"dbB|NP_777021.1",15.9123575524013,14.9474239682114,14.8166292872567,15.4939310256416,14.7760064699904,14.7821561393496,15.5544367738014,15.5243352618514,15.5310337250732,14.8721481037023,15.0949925617469,15.1986532804472,15.0877003630848,15.3593585616293,15.9699998981696,15.9948476928703,15.2826249298572,15.8980306519832,15.5626996072361,14.3031786154036,16.5339752891049,16.3524979479368
"dbB|NP_777068.1",16.1944263628667,17.4870578288868,16.0845131624556,15.8968846709175,17.6105238379233,16.3267879762084,15.3789087148295,17.3401254577559,16.8987951448887,16.9122248624495,17.2390455492781,15.8936616593363,16.974884533438,15.7436686181986,13.0512958952292,16.8830214205639,15.3769191622232,16.1537279034519,16.0209672828242,16.8989795118183,17.213033106339,15.0176543806278
"dbB|NP_777076.1",20.9939902700717,22.4323054125768,22.4632643066876,22.8049822731579,22.4153142390215,21.9810348834123,20.7113537304466,23.1137284087969,21.3094079508145,22.7245612078536,23.153980900281,20.4660410894117,22.6193834951344,22.2624366540148,21.8061815529846,22.9626927198543,20.1024657363942,21.9404676766052,22.5221612633599,21.9859363405381,22.5769384790918,22.5444700585576
"dbB|NP_777083.1",15.9747110369091,16.0599236182205,15.9189644824731,15.5541267300281,16.3786039128077,15.3205590325831,15.2008183619428,14.4674597089923,15.7147785527232,12.3734747224734,16.0388692299298,15.6942035472883,15.6402889563254,15.1533776378563,15.5700079102165,15.5692420305992,15.2417551405723,16.1054532818657,15.4677591163374,15.6250635617614,15.5645528316774,15.6503865186944
"dbB|NP_777122.1",14.528726166688,14.3868896578301,15.6691430391124,15.2059004795652,16.2430329637041,15.0465821110928,15.3664132246466,14.753484010358,15.5936828583535,15.1781678974916,15.9323572728468,15.0076140165288,14.5134332899882,14.9641455478058,15.4596293620052,15.4366804934717,15.4985136915834,15.9531006983351,14.3584840581979,14.3401387164309,15.3440932166543,14.9620999075591
"dbB|NP_777140.1",15.0349229784682,16.436783130196,14.9883515985536,15.5870272968497,15.0657481108616,14.7341094727525,15.4942247702009,15.0149757328739,15.8307343680877,16.5987270887053,15.2007476773649,15.2682067935969,15.7006185128978,15.5627176287566,15.1799420494601,14.1917555455822,15.3358593226063,14.7247046118584,15.912732588335,15.7130055181721,16.0196195115583,15.6055321605695
"dbB|NP_777141.1",18.3075736295656,19.321408735143,18.4552751739451,17.9890638121103,19.6427148110589,18.4203828293257,17.5163521976144,19.1383570121033,17.1424607434506,18.3448940191298,19.0888902481638,17.5730128055789,18.3476895367381,16.0521067736912,17.3891229049638,18.4458458293968,16.0769886179421,17.6416086026057,18.2555729605368,18.6214530602648,18.4857422390522,17.8277254904744
"dbB|NP_777186.1",13.8603545090822,13.9626473257734,13.6093471447609,13.7452325602801,13.898024249356,13.6944892714039,15.5208089003544,13.8750927065387,15.2416422215418,13.4650698272222,13.6771402153003,15.4448915039446,13.8796387691259,13.8026051829172,13.6711581995281,14.1329079530603,15.7207923728313,14.2972736496645,13.5212280754605,14.2766330330935,13.3876783768707,14.1161060144182
"dbB|NP_777228.2",21.3269305823418,21.1760204377968,22.171244486234,21.3253391365391,22.4141953780874,21.7312889942189,20.3619256422368,22.0001911168248,20.8533598128184,21.8591245570844,21.7698385871869,20.8137540621188,20.9279678312649,20.9122752643802,21.934138981284,21.6565109111701,20.5201749447296,21.4003592729575,21.8142536707147,21.4986416322936,22.4165883449417,21.2153148530392
"dbB|NP_777250.1",15.7202205772014,16.3068149265728,16.6428515654303,16.7301925373167,18.6173130490691,16.4989772232877,16.2639811316162,16.3323316607142,16.4777586174116,16.717088632781,16.8157043125239,15.1384477752095,16.3824425327574,16.6468903690985,16.4839423020442,17.077110633991,17.6491591110797,17.0250441964193,17.5178467462258,15.3768748037193,16.5052439436319,17.3351585034523
"dbB|NP_786967.1",14.490290569455,15.2869633080302,14.8963689013365,14.5816241594467,14.4830602928878,14.577187740043,14.8379989394821,14.9437198542562,14.9034317014825,14.6938921382601,14.696971120251,14.9015119083997,15.1174864552007,14.6203530811731,14.6283906952325,14.7474544350281,14.9307170557621,14.5129383259793,14.7742943363004,14.8726069150273,14.9423891017408,14.7459903258569
"dbB|NP_786970.1",15.1095686107684,15.2119980879832,15.4294555665328,15.2379896911557,14.9658879122791,14.9658343776394,14.9048894345698,15.4183863174952,15.0905268044122,15.8266284929173,15.6095715926405,15.0422977711747,14.9039913645436,15.3430435528828,14.9325302379838,15.1405266617729,14.8845639716584,14.6688440238478,15.4191078381776,15.0941726656492,15.0263271043306,15.5280122815211
"dbB|NP_786978.2",19.2118320026056,20.285639017537,20.290297910579,20.3043055726613,19.7765406104298,19.5299989272208,19.2945224010257,20.6144986389737,19.6554766154744,19.9800842444501,20.5797501886434,19.2798624298971,20.068059741586,20.0970749468393,19.288131966444,19.7672423765128,18.688106767347,19.3470751770045,19.4845915915679,20.1117960065491,20.5661424745774,20.4572693081994
"dbB|NP_786984.1",14.656649454082,14.8649095913737,14.6311543635992,14.7644225503668,15.4671495062707,14.5084538890021,14.7789023708158,13.9271540660069,14.9010235837414,14.3720215665418,15.236413545941,14.9305069425866,14.7034550004694,14.6806107428815,14.6911523968302,15.2778408132328,14.7936397997979,14.6597704924864,14.3151884718825,14.3527638658001,14.32730711682,14.3038415186563
"dbB|NP_786990.1",14.5868730774758,14.2109989500225,14.5600771954538,14.5539294695343,14.2540926594609,14.4386492096272,14.6474546113776,14.8538408179211,14.4283737226385,14.5052705894284,14.6503028121659,14.9013589290972,14.6454918401809,14.4772877231376,14.5880793903859,14.1183809215729,14.6032463723094,13.1432922144992,14.5761066083063,14.7344980692385,15.056042729995,14.754916401186
"dbB|NP_788783.1",20.0265069232241,20.1042898050895,19.6162428106609,18.9939797509371,20.2251326078022,19.4617662041677,19.7986608159179,19.4463164815524,19.3178511058837,19.8650155977914,19.5537922444963,19.2504906294214,18.9547643523698,18.3724275284062,19.0545762615801,19.7683148100806,19.4036668722438,18.8532555395976,19.4781314044428,19.1354492297045,19.5781821071237,18.5645819928128
"dbB|NP_789828.2",15.1441745763273,14.4316571202262,14.6332196138698,14.9416591969535,13.9109100968761,14.8424217160784,15.5022474602012,15.300383105133,15.6385451789821,14.8088431678459,14.3840443265616,15.1417750870606,14.7391268501019,14.7189888982993,14.3273594278747,13.8763500254434,15.2120481536714,13.5761406270165,14.6872113093777,14.671867227549,14.9055769187946,14.8951900436854
"dbB|NP_847890.1",14.6793027059138,14.8205090451132,15.124288262752,14.9381390743531,16.1599239258608,14.6626461413778,14.7195259644391,14.7313291342795,14.6136523408293,14.786476882261,14.8950919206288,14.6958696905312,14.8273578968745,14.8551037214867,15.0267569417247,15.3627671708523,14.63493128862,14.3728348021673,15.0155396215382,14.5427159196262,14.5626351044723,14.3974151712144
"dbB|NP_851335.1",18.2686924769433,16.7632888855529,19.7166238889534,17.400928469858,20.445867599293,19.2766602448011,18.4424007688447,18.7656556177438,15.7750073545891,20.3238844925682,20.0377663111018,16.2615389980976,19.8855637051259,17.7821632343873,18.1771395475317,19.3972960581326,17.026235978555,20.6625785906288,21.4426300055473,21.6597128303308,17.7445977282505,21.319142865265
"dbB|NP_851341.1",15.8091325551268,18.0250192279516,19.1662313249707,17.1036418597364,19.8911279367388,16.1161488963418,16.6807883745396,18.2092144988443,16.6673103006334,19.0099905421479,18.9348204704313,16.888892871329,17.8583473098175,17.7354862747311,17.5853822759245,18.6283170454852,17.1833580193417,19.2228423047329,18.727826399464,16.6364108535039,18.1423976488998,18.0879442552018
"dbB|NP_976067.3",16.3061968059157,15.0072793653135,15.6272764880793,18.0127534008311,16.463590892304,16.0583447638578,15.72049755643,15.1408145481204,15.5769244002024,15.1489085255061,15.7644545541617,15.3810144223488,15.4197386139762,17.3677021898161,15.2863277111987,15.9757660813978,14.7799222518654,14.9835516851088,15.4088377755282,14.4816034247205,16.2703334613459,16.6721049508737
"dbB|XP_002686048.2",13.9466339763856,13.4897937533952,12.1796563466704,13.0790312910433,13.4223561701553,14.3410700447725,15.3109945572775,13.3580835045961,15.1437906481139,13.0452298934602,13.3325432422108,15.0011087714956,13.1164676131595,13.1381018739427,13.9624156667212,14.1452743478847,14.9673799280429,13.5391205823277,14.0104097569599,13.9837472124921,14.2991879729261,14.4709067403636
"dbB|XP_002687292.2",15.1573065826685,18.8096390257867,18.728988628046,19.0761678707038,19.6923166844592,18.5615405869873,17.6196860741082,18.7801324808049,13.877513101898,19.1867133626208,18.9718052792643,15.4445440562237,15.6731909425776,16.5008784418745,19.7885344189827,19.2958182314959,17.3802342509368,18.8769217066975,18.3132565516671,17.8120875232694,20.5781583903495,17.9793668425113
"dbB|XP_002687296.1",16.2779018135167,14.6035109816996,16.0985214708003,17.5242087146681,17.578548097203,15.043047229239,16.4303300060923,17.6265773963441,15.4230355144103,16.9089732138897,16.7422069859246,16.177975277735,15.984269458338,15.3563779518453,16.4448233151738,15.3185825241939,16.6916621479511,15.454164632556,16.800278396392,16.4326749540966,17.2803022145183,14.5717049231531
"dbB|XP_002687308.1",15.1534476521558,15.4300145752736,15.8691678280279,16.0830104017796,18.1501797636491,15.4444057643028,14.8884642282236,14.2604476904121,15.0391185795897,15.8628407005761,15.5661510914198,14.9866969472,15.323896086463,15.7108752225863,15.8581815117189,14.9136856131306,14.9523644295299,15.9559336164604,15.8940322878782,15.373921199597,16.3348372422664,15.5723706419078
"dbB|XP_002689188.1",17.1775587413252,16.0937179486232,17.1934025920316,16.4836697100848,16.9296876764983,16.8616283209627,15.101198546925,17.2925742314596,16.9231853031665,16.8701649220217,16.4491354691526,15.3310773435494,15.2442813574839,17.3743072655523,16.7459105650588,16.223735383832,17.3824668191845,16.747737393644,16.8637033012546,16.1954535558174,16.8005425247923,16.9339708032634
"dbB|XP_002690103.2",18.1296909745979,16.5202532014077,17.397456478027,16.7219256101555,19.2142109477096,16.9044617497787,15.1673440949581,17.2395884366523,15.9847694974324,16.7084482501477,17.2236021757504,15.9941818855629,16.414362482373,15.2398630108146,17.7243029727895,17.0954847618498,15.9360481021624,17.1233189649807,17.4375794152207,16.3298430513532,16.7622262194682,16.8123637974364
"dbB|XP_002690989.1",15.0898479338156,16.193716018523,15.7629785801036,14.8860072967652,14.6587477197852,15.6135446461622,15.11343844396,16.4002367109259,14.6832860903065,15.4701704004444,16.4671759801802,15.3305611222793,15.4317506509517,15.3497408689695,15.1113029101781,15.4805240717885,15.4314313750557,15.0480370220836,16.9037726678197,15.1999324699092,15.3547685528727,15.3456071112358
"dbB|XP_002691716.2",15.0127815643894,15.6865538139317,15.9524541619729,15.2732695963989,16.744064304252,15.1593693701062,14.6220772119749,15.8666064489987,14.5720620597625,15.5837298796491,14.8422672308283,14.7382310954931,15.3415309567218,15.1218339421921,15.217732073546,15.8401427758638,14.4247703759296,15.7316090682948,15.4018149576605,15.0787882229292,15.1117641247331,14.9050420865834
"dbB|XP_002692874.1",15.4534534623582,15.6963340741387,15.5805923691885,15.7568891404491,15.4141661741216,14.9976376686439,14.4733422730672,15.6427990860692,15.1333962222996,16.2974645544777,16.3981377669368,14.7920897531895,14.3932506827333,15.493909169742,15.444720390759,15.3680354069413,15.1820695153992,14.7769978960557,15.6402654803091,15.5871924996644,15.8359272913883,15.6594988407949
"dbB|XP_002694650.2",16.5196910253942,16.8475506606013,16.7084332039068,16.7403293334511,16.6927739775529,16.1760635370398,14.2259192187482,16.1236048951294,14.9054825236404,16.6609744406456,16.5882314476929,13.5085802869571,15.6852351602243,17.6913314009223,16.2819178725173,16.3221391676256,15.7727833373274,16.1362911773795,17.4233124099253,16.8224716793387,16.3935295158701,17.8352708068984
"dbB|XP_002695820.1",14.7000396362471,14.7825656993437,14.5197829479528,14.9440958758376,15.3617081602464,14.6404379446406,14.7989581818861,14.4987046384866,14.7934188645639,14.6411351536107,14.7342174669925,14.8020386944945,14.7201320507006,14.6967131951449,14.8616341249705,14.9478690757614,14.7420883784062,14.7540039230093,14.6966158124852,14.4201922343341,14.4644337217668,14.271856848768
"dbB|XP_002696036.1",16.602322486866,16.8849607406233,16.6207069392256,18.1326915396916,22.2479095004493,16.7212670265798,16.7996128265621,20.0101915781259,17.3730221477223,16.5295871935682,18.6774579959559,16.7793998303818,17.3909627580543,16.6554534778822,19.5727194847486,20.1876555866953,17.3935727707805,20.7296792376069,16.8076505933653,18.4135397708613,19.6204915661145,16.9269689313094
"dbB|XP_002697153.2",14.6026322368554,14.4813690748399,14.5706456301719,14.561080897308,15.1071914471883,14.6411035420328,14.8993200570025,14.6016381006451,14.9994067375841,14.3929636692229,14.4922766019993,14.8317790490881,14.6644707015506,14.6399170729393,14.5166263465392,13.8988604958628,14.8859911451629,14.4544972860509,14.4108896610068,14.3362545854772,14.6696154090701,14.7574758651609
"dbB|XP_002697934.3",15.7873881608673,15.3472735754612,15.0988023440544,16.0014122562797,16.2336806143954,15.4299411053119,15.5143241938285,15.6429555556909,15.2721276927509,15.996608321144,15.6032670758526,15.0619978538826,15.1393639520317,17.3160780848114,15.8058616316804,16.2640736736462,15.0871777481699,15.8819607352205,16.6999435423296,15.3376767974677,15.2771001140805,15.9550591038432
"dbB|XP_002700515.3",14.6972143677687,14.4732011406483,14.9832241217169,14.9843980194058,16.1255452084148,14.6659141536803,14.7369257290059,14.7785178459653,14.5391555566956,14.7646537438946,14.8075921910016,14.7171355024052,14.620336137558,14.7244529596525,15.2326756756304,15.4405967849562,14.6044727807382,15.8943258240633,14.8560386664523,14.4658969449887,14.9410487152451,14.802270051208
"dbB|XP_003586097.1",16.530152846657,15.6560304899555,15.483000457867,15.886448381524,19.5745458657527,15.5625164067067,16.0507297047325,16.7185620080624,16.1098784796798,16.343779117213,13.7080679103316,16.412028934684,13.5001275618812,16.2970634836898,15.8078763683102,16.2894793554094,16.220020972024,18.2672096521503,15.7669616324663,13.3974917624944,16.7057146109447,16.0392507220757
"dbB|XP_005207116.1",20.0358869664092,20.5654942921718,20.2323346835217,20.2235759041252,21.7518819117494,20.0515614770993,20.1427990886837,21.1340894590796,20.4848188597011,20.5735579798348,21.2883846454786,19.4247499521061,20.1070655974333,20.0703937984485,20.1926075340213,21.4432205606194,20.1114909875796,21.1716691210556,21.3024102734013,20.4137047139677,20.8167675510282,19.6906534087131
"dbB|XP_005209392.1",13.3284989947557,12.8603191336402,15.5376230162697,15.7741999691594,13.9322516638588,16.1026542343807,16.3382291911913,15.5772995728464,14.2583239229899,12.6045247667067,15.1132492809686,16.1990202860084,15.7713704298852,16.3072968761624,15.680801907103,13.9341951234885,16.4119443806601,15.1792832665936,16.274003921562,13.5021390946932,16.2839306802917,16.0123393503516
"dbB|XP_005211958.1",15.8818305573734,17.3677281672606,16.3239312240611,15.9281502180823,15.3907263199935,15.2851618907855,15.3043346990453,17.2040274292845,15.7690545179951,15.8212144969606,17.1407250676044,15.2987622929496,16.7014537805879,15.1450251636144,15.4175821902102,16.8714275811997,15.8157495371554,14.9979119816114,15.7206986611609,15.8774812519298,15.844420949804,15.3517166029411
"dbB|XP_005217490.1",15.268684635563,15.1046470107124,14.6275884608002,15.0938644829397,14.5273459960175,14.8810455805752,14.5664570547411,13.835305451226,15.7218602642258,14.6931151081549,14.42178839268,15.6575290788352,15.2051082877909,15.2845999007274,14.4658618948197,14.0150614298067,15.8715252514597,14.7016620548424,14.7393471022241,15.5640268795472,15.4549323129943,15.6907951196367
"dbB|XP_005225481.1",15.0855555701716,15.1928869388139,15.3772007739159,15.8298124371705,14.9366182032205,15.1703336329996,15.293327078424,14.2639489757674,15.6388338391612,15.0027895995526,14.9849286742978,15.2699475395239,15.0930382180801,15.1539341609012,14.8518477882579,14.4815995479264,15.4612811803758,14.7342644161953,14.7015619303003,14.4542904759659,15.4081337927206,15.4111287734374
"dbB|XP_010799131.1",15.0337857127999,14.8640375533355,15.1722158318384,15.3086560827796,15.4137178851903,15.2115651006251,14.7885721223354,14.5789784305897,15.0258927909964,15.0566768440418,15.1435409746059,14.8388330951062,14.8815448226462,15.0795049091111,15.2467748020979,15.0829322698265,15.0976906172435,14.9715500857192,15.137126089806,14.9008680307368,14.7410568432396,14.5966468236061
"dbB|XP_010799132.2",16.621351538261,17.4462105404676,17.5199091934817,16.3228769161637,18.5541181019019,16.6078102054257,15.9930681410185,17.0098848395003,15.9712532595201,16.2721570200208,17.6594096811074,15.9064272877264,17.3621603002277,15.8357490833115,16.5943799023476,17.2226204018836,14.6556638365176,18.2506360395015,17.5785099646373,16.1855053412821,17.173149523781,14.8614939565684
"dbB|XP_010801377.1",13.3985094866931,13.0844583670471,13.070490084236,13.1470145282081,14.1256309635023,13.0695789618164,16.4288288645065,12.9965554930796,16.5052563636676,13.020767869081,13.1486232831601,16.1339139131934,12.3819459658434,13.3880853615046,13.1026620388344,13.1566574251528,16.2782282641941,12.8353559386107,13.2682448493615,12.7221722573095,13.6150985693589,13.3363383255378
"dbB|XP_010802154.2",14.6361847880462,15.4205604637329,14.7651491621548,14.0946434814053,15.2577208549358,13.997893544904,14.8864730515883,14.2647997349109,14.5428641400362,15.4808826461344,15.3776532266711,14.9757254468979,14.3744329825123,14.1582458841865,14.3424362963701,15.0209128461255,14.7731986408096,15.5405279207368,14.4876607207031,14.5949471122949,14.0138868640362,14.2228412538494
"dbB|XP_010803833.1",15.9642876576696,15.0902285890067,14.9723939022688,15.244863877451,15.6015200000716,15.5686936505583,15.678651259315,14.7959841458157,16.7431418231252,14.9457783363054,14.9391500760232,15.0876056562519,15.3298992142945,16.5033105234013,14.9523144328229,14.5336655605309,16.2213420914904,15.0493552550565,14.9581748894071,15.5163102063406,15.3327072267961,16.2642928614483
"dbB|XP_010809671.1",21.3845990427646,22.300578534306,18.4516239295219,21.8390325800247,22.6839590747712,22.212613607909,21.5750268866268,22.2346009126671,21.4927710283432,22.2388251506703,22.001240021037,20.6994364082056,21.8290634337387,22.6077402819759,22.3137733799025,22.4541365206111,21.5987075325961,17.3617863553298,22.0253594669523,22.2892502360681,22.874877811247,21.5158553885588
"dbB|XP_010809963.1",15.5139329408118,14.3445775823238,14.6523506181063,15.8464430137235,16.6176801857802,16.5733167981989,15.0637376499411,15.3489784649715,16.0938608013239,16.6142937538735,16.7363717000148,15.9979301418887,14.7102213943553,15.9132801942706,16.0195806494155,15.4378909609577,16.0361118090029,16.2155678238648,14.5953220292488,15.8958009170636,16.219740470073,14.3955767650382
"dbB|XP_010810563.2",17.4626209490511,18.4249402450553,18.582348581919,18.7576871568521,18.9438738871008,18.0930183477076,17.3637818528644,19.2689510369892,18.2837780076672,19.395423688699,19.2835166039148,16.2903062000014,18.5118911593949,18.2765068603001,17.9758506597953,18.9045861317249,18.057110100372,18.6431833300764,18.9494510068222,18.491255868561,18.0254679339745,17.5189412892137
"dbB|XP_010813145.2",16.2005033085803,16.7682752250165,15.4426166826583,15.8050658250592,18.2896106475869,15.8155144597918,15.3323324607824,17.5343848939114,15.7057391089077,17.8993620085765,17.0544714755456,15.5196042969506,14.9752784082151,16.7982554751124,17.7932975584068,17.5781050963114,15.1965316406761,18.2181407918425,15.6038833806997,16.2356107013137,16.7680577892549,16.1442058477039
"dbB|XP_010816809.2",15.4573048046563,14.3693115232541,14.365005878647,15.5870250006522,14.9102873095069,15.0121546120266,15.504548038619,14.1309695741706,15.2951146013841,14.7405790521085,14.2629703992477,15.0182070294726,14.580731364611,15.7774812094157,14.7180419111504,15.1396579259284,15.0590428814824,15.5849526577149,15.4235440919086,14.1196562875712,14.9783878877661,14.8544495011249
"dbB|XP_010817511.1",18.6395170757109,16.4841704350603,18.733133461969,18.4761736307703,16.305521674828,17.8369333692124,18.1558572492727,17.2531262575324,19.0037295109995,18.4000808319886,18.8284619093835,17.6998399299249,17.1166994316765,17.6002576348591,17.7560300358761,17.6053060943028,18.3967722105889,16.9115231381718,17.6707260646177,17.983885104128,18.4019402883862,17.3168381518527
"dbB|XP_015313568.2",15.3456486108673,14.9364071373301,15.5134625765814,15.7542391535332,17.5792820915024,15.6125259852617,13.1816263874943,14.9116529493521,15.0313343321407,14.5469753395382,15.3329364391161,14.9809423489834,15.0175244973056,15.0406338752819,15.1216861837341,14.9077791691927,14.9773606343543,15.6641099624449,15.2922565611831,15.0616122374876,15.4638302907943,15.5428209736573
"dbB|XP_015313588.1",14.8661900745954,14.7445473018333,15.1831964300334,15.2332493004838,15.2726853584115,14.7507878887351,14.7353558824204,15.0423739854154,14.7224338812405,14.6004618387075,14.9592095935588,14.7069147995544,14.8467685210169,14.8804900060448,15.3530946555448,14.9565501294859,14.7596790023113,14.8862179042568,14.9826641410191,14.6923770422416,15.0725061834613,14.8713819365102
"dbB|XP_015315744.2",18.49490871921,17.7804692789109,18.0505680362023,17.5067786416454,17.7346402276205,18.2788917246947,17.9128231035733,18.2272016191932,18.1186363540986,18.8058134168139,18.6353430529914,17.6129259497251,16.9663144029019,17.5578952568155,18.5938655090934,18.8320950173829,17.7679448642334,16.7071794902114,18.3054520380388,18.3785612568167,18.2949806610975,17.9667769960936
"dbB|XP_015328122.1",15.8544693613724,15.4514670588979,15.6018594736012,15.8629855011868,15.4816978029056,15.8606498774546,15.1683073226192,15.4183598891316,15.2534033242735,15.4354727005113,15.6397389601446,15.15374223114,15.2727144196025,15.9892548259322,15.6367580300018,15.5068975376989,15.2267049106085,12.7820704265904,15.5021590190308,15.1291761831876,15.3951556429698,15.9415007724824
"dbB|XP_024833287.1",15.7907682404233,15.7052733390166,16.5860680621273,14.7635803987132,17.9016956302374,15.701701448865,15.6210520282549,15.340078579269,15.2476151350882,16.5328405769251,16.3494372646866,15.2128250514971,14.080595466346,13.9387512838682,16.7527758041787,16.040292271785,15.2995626168092,16.9186384764448,15.9913342131594,15.8391288221495,15.5092828313713,16.4214031249063
"dbB|XP_024834629.1",15.1321400997562,15.2927380222417,15.1147773298762,14.4841086737181,15.963259689105,15.3045965665189,16.225952212734,16.0334487768195,15.2503243593209,16.474198628662,15.3597411316783,15.557658619452,15.2566026707547,15.1407632421356,15.7938856946435,15.9248777546008,15.4724685922814,16.1115805218241,15.7926197346999,15.2426657642992,15.5789100266968,16.1125248896447
"dbB|XP_024836640.1",19.7081643123699,15.2822385962748,15.296082792464,15.8644386522293,16.9045978606683,19.6811513773803,19.6097322826108,16.6676618550414,16.2659486680574,17.2905022609431,16.9445341692411,19.2773247568694,15.9342309755337,19.6240271561983,16.0825951331345,16.1474394846404,16.1925977236425,17.8017527710161,16.3597241937726,15.7317637062868,16.7334160531711,20.2916261206998
"dbB|XP_024839013.1",15.1441792768547,14.9303959960643,14.9944101532338,14.6053510857824,15.2236070880035,15.536049654989,15.1419439229123,14.8012869818221,15.3393864924596,15.4316647909434,14.5239826443869,15.1129861794631,14.765769939373,14.6672251365819,14.9047775949051,14.7893637851767,15.245866779268,14.679728524911,14.2102345084819,14.6756981667023,15.2168985244817,15.5402882109222
"dbB|XP_024840223.1",14.29183425571,14.7848872207801,13.9731815629138,14.2684899726064,13.9270226009153,14.1228779336191,14.6687595239006,14.6930295982206,14.4652347457196,13.8610963288732,14.269499097123,15.1139856931498,14.6156627474216,14.2782780042458,14.3783413474505,14.5304390095065,14.5329658016626,15.1650689494138,14.0695407740127,14.7284788472437,14.2562815335187,14.3064549797735
"dbB|XP_024841745.1",16.3312531992635,14.688002529698,17.7788430538739,14.9430792317431,17.7353341507631,16.4765267384725,16.6363848210696,14.2404367372575,16.1172197549338,15.4848280031446,14.4710316397448,16.5577520459016,15.108019383864,16.4083297434481,16.6609025921038,14.9032828022119,15.3829787448759,15.564174158066,15.4993127322405,15.1523582274067,15.7159925465805,16.3847168581159
"dbB|XP_024843285.1",14.4191041460742,14.091376556319,14.5886786610806,14.3992369598092,16.6298781605257,13.8790320364485,14.3796551321527,13.675292439153,14.2798290709254,13.5016507615777,14.1164612224943,14.8929165172883,14.2716148148911,14.0081717482887,14.3174106108459,14.6052374661339,14.2961922349752,16.3905575820136,13.3123084151021,14.1469973591813,14.0951219772935,13.895631446279
"dbB|XP_024844865.1",16.451807305087,15.905126790348,16.3716760828512,16.3547432846345,15.6708433331301,14.2401923476633,17.0889687975557,17.4630472147921,16.4158969680252,16.3925269774293,16.2507965617223,16.7782077249502,16.7045521661525,16.3135770061009,16.3595565423174,16.1572020029377,15.504284953634,15.3540794039548,16.0388377931701,16.5592304014842,16.1647910421969,16.3893703528925
"dbB|XP_024844915.1",15.8277097401099,14.7441480465327,15.8192841229465,13.8933607418304,16.0340435451871,16.4483393807237,16.2943465227502,15.9923476372646,16.7492282495305,17.1006129132241,15.8799505107862,16.1420026524472,14.1691329022955,16.372954629903,16.0067951601389,16.3919031838542,16.0298402400199,16.1761961588084,16.5719584899909,16.151371678963,16.2249238481558,15.9940540162006
"dbB|XP_024844989.1",17.0289257483283,18.6647921665146,17.5319625816775,18.1398505788266,18.5569070918098,17.8607017235991,18.8687041566548,19.1307816640727,18.0324512802057,18.3196162929907,18.2155901153954,17.84136698215,18.5172473827245,16.607872123803,17.7425710912429,18.9055806180222,17.5099426662302,17.6164865101582,18.6226830550288,18.06767348522,18.8967196761809,18.69733274969
"dbB|XP_024845595.1",14.3562704768666,14.4270668676042,14.1273303029241,13.3220434706018,12.1254995867274,12.5737819106657,15.2321912805591,13.5648243829051,15.0893182967717,14.1175837320251,14.0333960600541,15.2416271933934,14.311376274345,14.2359966735205,14.1272308803964,13.7093313264197,15.0116205992096,13.6536599555726,13.9751508168076,14.4722977463406,14.6129823377002,14.4368611706183
"dbB|XP_024845739.1",15.6768313020564,15.4467344812649,15.7359682998917,15.2008223448006,16.1442424205129,15.6932293699244,15.0598936496641,15.1870210032515,14.9840369110821,15.5820637134264,15.242750847952,15.2188125186191,15.3007525090342,15.5611403641122,15.8026656139879,15.0601628176608,15.0444356385591,15.6529526622901,15.6907370971753,15.0994202475124,15.2638855741641,15.4170425532083
"dbB|XP_024846037.1",14.7191927965146,15.8836762793824,13.6210064355064,14.7906555294466,14.4973620341869,14.5383594281352,14.8035812419756,15.516560626062,14.7246771130802,15.2455886657891,15.2556151865602,14.9737818350496,15.5464183141977,14.7400353122154,14.9433057073049,14.94508931651,14.167590722167,14.8751602416621,15.3903916000764,15.5854167719056,14.9205680175575,14.6987878949093
"dbB|XP_024846715.1",16.0457567738829,15.7817235011949,15.8145472527553,15.7215085948471,15.2053987215168,15.938478701866,15.89533413304,15.9363345656202,15.022922401849,15.6591146023007,15.9237330693644,14.764359606734,15.7710559911151,15.8034485662321,15.7760783928617,15.5812218740282,15.5405172148766,14.6162250136595,16.0192351540984,15.7810390908902,16.039244644505,16.0551529805562
"dbB|XP_024848194.1",16.0964478210308,14.1657772206293,15.2123841915211,14.046444941438,14.0952553115726,12.4183345392697,16.1937307836822,14.1007456344087,16.7818279755031,11.9965725853757,14.9335491595536,16.3317048993097,16.6820343426525,15.6876945267159,14.980987042008,15.0432357415569,17.0031759435668,13.544070771752,15.1564856350162,16.3500966180685,17.2247227706153,15.8796817741597
"dbB|XP_024849241.1",16.9281047849571,17.6548343888541,17.2734507186383,16.8357873950254,17.8754866020718,16.7184134617397,15.3959373141737,16.5920100944779,15.5658584957348,16.4740896852862,16.3235674318396,15.3272778190822,16.0789298103907,16.4149036849455,16.4864610231644,16.4531376981452,15.4136815097143,16.5410172905103,16.4372998515009,15.6826872739346,16.7321737257328,16.023642333862
"dbB|XP_024851892.1",13.6143920107249,13.827717986476,14.5793957778293,14.5560157415494,13.8554373172008,14.46064281906,14.5783392056837,14.6337301172043,14.3378006283917,14.2907079223673,14.3853321655272,14.7877553528584,14.3682713283888,14.3159481915234,14.6203232623034,14.6213304394966,14.3061267258863,15.4391230924094,14.5176753755942,14.4058943242207,14.632052662766,14.5183782922106
